holiday_date,holiday_name
2024-01-01,Tết Dương lịch
2024-02-08,Tết Nguyên đán
2024-02-09,Tết Nguyên đán
2024-02-12,Tết Nguyên đán
2024-02-13,Tết Nguyên đán
2024-02-14,Tết Nguyên đán
2024-04-18,Giỗ Tổ Hùng Vương
2024-04-29,Nghỉ bù 30/4
2024-04-30,Ngày Giải phóng miền Nam
2024-05-01,Quốc tế Lao động
2024-09-02,Quốc khánh
2024-09-03,Quốc khánh
2025-01-01,Tết Dương lịch
2025-01-27,Tết Nguyên đán
2025-01-28,Tết Nguyên đán
2025-01-29,Tết Nguyên đán
2025-01-30,Tết Nguyên đán
2025-01-31,Tết Nguyên đán
2025-04-07,Giỗ Tổ Hùng Vương
2025-04-30,Ngày Giải phóng miền Nam
2025-05-01,Quốc tế Lao động
2025-05-02,Nghỉ bù
2025-09-01,Quốc khánh
2025-09-02,Quốc khánh
2026-01-01,Tết Dương lịch
2026-02-16,Tết Nguyên đán
2026-02-17,Tết Nguyên đán
2026-02-18,Tết Nguyên đán
2026-02-19,Tết Nguyên đán
2026-02-20,Tết Nguyên đán
2026-04-27,Nghỉ bù Giỗ Tổ Hùng Vương
2026-04-30,Ngày Giải phóng miền Nam
2026-05-01,Quốc tế Lao động
2026-09-01,Quốc khánh
2026-09-02,Quốc khánh
