mcc,mcc_name,mcc_group
5411,Siêu thị / cửa hàng tạp hóa,Mua sắm thiết yếu
5499,Cửa hàng tiện lợi,Mua sắm thiết yếu
5812,Nhà hàng,Ăn uống
5814,Đồ ăn nhanh / cà phê,Ăn uống
5541,Trạm xăng dầu,Di chuyển
4121,Taxi / gọi xe công nghệ,Di chuyển
4511,Hãng hàng không,Du lịch
7011,Khách sạn / lưu trú,Du lịch
5311,Trung tâm thương mại,Mua sắm
5691,Thời trang,Mua sắm
5732,Điện tử / điện máy,Mua sắm
5999,Thương mại điện tử / bán lẻ khác,Mua sắm
4814,Viễn thông,Hóa đơn
4900,Điện / nước,Hóa đơn
5912,Nhà thuốc,Sức khỏe
8062,Bệnh viện / phòng khám,Sức khỏe
8220,Giáo dục,Giáo dục
