effective_month,rate_1m,rate_3m,rate_6m,rate_12m,rate_24m,rate_36m,rate_casa
2024-01,2.90,3.20,4.30,4.90,5.10,5.20,0.20
2024-04,2.70,3.00,4.10,4.70,4.90,5.00,0.20
2024-07,3.00,3.40,4.50,5.00,5.30,5.40,0.20
2024-10,3.20,3.60,4.70,5.10,5.40,5.50,0.20
2025-01,3.20,3.60,4.70,5.10,5.40,5.50,0.20
2025-04,3.10,3.50,4.60,5.00,5.30,5.40,0.20
2025-07,3.40,3.80,4.90,5.30,5.60,5.70,0.20
2025-10,3.80,4.20,5.30,5.70,5.90,6.00,0.20
2025-12,4.00,4.40,5.40,5.80,6.00,6.10,0.20
2026-03,4.30,4.70,5.70,6.20,6.40,6.50,0.20
2026-06,4.40,4.80,5.80,6.30,6.50,6.60,0.20
